{"stats":{"minecraft:custom":{"minecraft:time_since_rest":7483,"minecraft:crouch_one_cm":673,"minecraft:play_time":7483,"minecraft:sprint_one_cm":30135,"minecraft:walk_one_cm":11974,"minecraft:sneak_time":281,"minecraft:mob_kills":9,"minecraft:jump":208,"minecraft:damage_dealt":860,"minecraft:walk_on_water_one_cm":153,"minecraft:time_since_death":7483,"minecraft:total_world_time":7483,"minecraft:fall_one_cm":3950,"minecraft:interact_with_crafting_table":1,"minecraft:fly_one_cm":31060},"minecraft:crafted":{"minecraft:oak_planks":72,"minecraft:crafting_table":1,"minecraft:stick":4,"minecraft:wooden_pickaxe":1,"minecraft:wooden_axe":1},"minecraft:mined":{"minecraft:grass":3,"minecraft:oak_log":18,"minecraft:stone":12,"minecraft:oak_leaves":10,"minecraft:crafting_table":1},"minecraft:killed":{"minecraft:horse":1,"minecraft:pig":4,"minecraft:chicken":3,"minecraft:cow":1},"minecraft:used":{"minecraft:wooden_axe":19,"minecraft:crafting_table":1,"minecraft:wooden_pickaxe":12},"minecraft:picked_up":{"minecraft:feather":4,"minecraft:crafting_table":1,"minecraft:chicken":3,"minecraft:beef":2,"minecraft:porkchop":8,"minecraft:oak_log":18,"minecraft:oak_sapling":1,"minecraft:cobblestone":11}},"DataVersion":3465}