{"stats":{"minecraft:broken":{"minecraft:wooden_axe":1},"minecraft:custom":{"minecraft:interact_with_furnace":11,"minecraft:mob_kills":32,"minecraft:interact_with_crafting_table":8,"minecraft:time_since_death":43483,"minecraft:sleep_in_bed":3,"minecraft:time_since_rest":6698,"minecraft:sprint_one_cm":184213,"minecraft:damage_taken":220,"minecraft:walk_one_cm":94964,"minecraft:drop":1,"minecraft:damage_dealt":3933,"minecraft:swim_one_cm":2173,"minecraft:talked_to_villager":1,"minecraft:fly_one_cm":225419,"minecraft:open_chest":8,"minecraft:crouch_one_cm":701,"minecraft:play_time":43483,"minecraft:sneak_time":298,"minecraft:walk_under_water_one_cm":1267,"minecraft:jump":1202,"minecraft:walk_on_water_one_cm":2592,"minecraft:total_world_time":43483,"minecraft:fall_one_cm":28360},"minecraft:crafted":{"minecraft:oak_planks":72,"minecraft:cooked_porkchop":12,"minecraft:crafting_table":1,"minecraft:wooden_pickaxe":1,"minecraft:cooked_chicken":4,"minecraft:furnace":2,"minecraft:stone_axe":1,"minecraft:air":0,"minecraft:stick":12,"minecraft:iron_ingot":6,"minecraft:stone_pickaxe":1,"minecraft:wooden_axe":1,"minecraft:stone_sword":1,"minecraft:chest":2,"minecraft:white_bed":1,"minecraft:torch":8},"minecraft:mined":{"minecraft:white_bed":2,"minecraft:dandelion":1,"minecraft:crafting_table":2,"minecraft:torch":3,"minecraft:tall_grass":3,"minecraft:sugar_cane":11,"minecraft:oak_planks":9,"minecraft:wall_torch":2,"minecraft:large_fern":19,"minecraft:hay_block":14,"minecraft:furnace":1,"minecraft:iron_ore":6,"minecraft:sweet_berry_bush":18,"minecraft:yellow_bed":1,"minecraft:grass":62,"minecraft:coal_ore":17,"minecraft:oak_log":34,"minecraft:stone":36,"minecraft:oak_leaves":17,"minecraft:fern":1},"minecraft:killed":{"minecraft:pig":14,"minecraft:iron_golem":1,"minecraft:horse":1,"minecraft:sheep":7,"minecraft:chicken":4,"minecraft:cow":5},"minecraft:used":{"minecraft:stone_sword":109,"minecraft:stone_pickaxe":40,"minecraft:oak_planks":16,"minecraft:chest":2,"minecraft:wooden_pickaxe":21,"minecraft:torch":7,"minecraft:crafting_table":3,"minecraft:white_bed":2,"minecraft:wooden_axe":34,"minecraft:stone_axe":40,"minecraft:sweet_berries":15,"minecraft:porkchop":5,"minecraft:furnace":3,"minecraft:cooked_porkchop":4,"minecraft:yellow_bed":1},"minecraft:dropped":{"minecraft:stone_sword":1},"minecraft:picked_up":{"minecraft:crafting_table":2,"minecraft:feather":5,"minecraft:chicken":4,"minecraft:leather":5,"minecraft:oak_log":34,"minecraft:yellow_bed":1,"minecraft:wheat_seeds":11,"minecraft:beef":11,"minecraft:iron_ingot":4,"minecraft:sugar_cane":27,"minecraft:oak_planks":9,"minecraft:furnace":1,"minecraft:stick":1,"minecraft:raw_iron":6,"minecraft:sweet_berries":35,"minecraft:torch":5,"minecraft:dandelion":1,"minecraft:porkchop":25,"minecraft:white_bed":2,"minecraft:stone_sword":1,"minecraft:hay_block":14,"minecraft:oak_sapling":1,"minecraft:mutton":11,"minecraft:coal":17,"minecraft:white_wool":7,"minecraft:cobblestone":36}},"DataVersion":3465}