{"stats":{"minecraft:broken":{"minecraft:wooden_axe":1},"minecraft:custom":{"minecraft:time_since_rest":8365,"minecraft:interact_with_furnace":5,"minecraft:sprint_one_cm":81783,"minecraft:damage_taken":120,"minecraft:walk_one_cm":41718,"minecraft:mob_kills":25,"minecraft:drop":1,"minecraft:damage_dealt":2354,"minecraft:swim_one_cm":928,"minecraft:interact_with_crafting_table":4,"minecraft:fly_one_cm":91013,"minecraft:crouch_one_cm":701,"minecraft:play_time":19483,"minecraft:sneak_time":295,"minecraft:walk_under_water_one_cm":88,"minecraft:jump":564,"minecraft:time_since_death":19483,"minecraft:walk_on_water_one_cm":1454,"minecraft:sleep_in_bed":1,"minecraft:total_world_time":19483,"minecraft:fall_one_cm":9103},"minecraft:crafted":{"minecraft:oak_planks":72,"minecraft:cooked_porkchop":12,"minecraft:crafting_table":1,"minecraft:stick":12,"minecraft:wooden_pickaxe":1,"minecraft:stone_pickaxe":1,"minecraft:wooden_axe":1,"minecraft:stone_sword":1,"minecraft:furnace":1,"minecraft:white_bed":1,"minecraft:torch":8,"minecraft:stone_axe":1,"minecraft:air":0},"minecraft:mined":{"minecraft:large_fern":19,"minecraft:white_bed":1,"minecraft:furnace":1,"minecraft:sweet_berry_bush":18,"minecraft:crafting_table":2,"minecraft:grass":10,"minecraft:oak_log":34,"minecraft:coal_ore":2,"minecraft:stone":18,"minecraft:sugar_cane":4,"minecraft:oak_leaves":17,"minecraft:fern":1},"minecraft:killed":{"minecraft:sheep":6,"minecraft:horse":1,"minecraft:pig":9,"minecraft:chicken":4,"minecraft:cow":5},"minecraft:used":{"minecraft:wooden_axe":34,"minecraft:stone_sword":45,"minecraft:stone_pickaxe":1,"minecraft:oak_planks":4,"minecraft:wooden_pickaxe":21,"minecraft:stone_axe":25,"minecraft:torch":1,"minecraft:sweet_berries":14,"minecraft:crafting_table":2,"minecraft:cooked_porkchop":1,"minecraft:furnace":1,"minecraft:porkchop":5,"minecraft:white_bed":1},"minecraft:dropped":{"minecraft:stone_sword":1},"minecraft:picked_up":{"minecraft:stick":1,"minecraft:crafting_table":2,"minecraft:feather":5,"minecraft:chicken":4,"minecraft:sweet_berries":35,"minecraft:leather":5,"minecraft:porkchop":18,"minecraft:oak_log":34,"minecraft:white_bed":1,"minecraft:stone_sword":1,"minecraft:wheat_seeds":2,"minecraft:beef":11,"minecraft:oak_sapling":1,"minecraft:sugar_cane":11,"minecraft:mutton":9,"minecraft:coal":2,"minecraft:white_wool":6,"minecraft:cobblestone":18,"minecraft:furnace":1}},"DataVersion":3465}